{
  "HTTP Request-1" : {
    "transaction" : "HTTP Request-1",
    "sampleCount" : 5000,
    "errorCount" : 3,
    "errorPct" : 0.06,
    "meanResTime" : 4554.5378,
    "medianResTime" : 605.0,
    "minResTime" : 350.0,
    "maxResTime" : 63673.0,
    "pct1ResTime" : 18921.800000000003,
    "pct2ResTime" : 21597.95,
    "pct3ResTime" : 28422.309999999285,
    "throughput" : 53.52917875533954,
    "receivedKBytesPerSec" : 141.8203002886561,
    "sentKBytesPerSec" : 6.739375879885876
  },
  "Total" : {
    "transaction" : "Total",
    "sampleCount" : 15000,
    "errorCount" : 6,
    "errorPct" : 0.04,
    "meanResTime" : 8852.967866666682,
    "medianResTime" : 700.0,
    "minResTime" : 145.0,
    "maxResTime" : 64781.0,
    "pct1ResTime" : 26217.699999999997,
    "pct2ResTime" : 38469.44999999999,
    "pct3ResTime" : 46495.96,
    "throughput" : 159.86528685161306,
    "receivedKBytesPerSec" : 343.7715027137133,
    "sentKBytesPerSec" : 26.844316689136623
  },
  "HTTP Request-0" : {
    "transaction" : "HTTP Request-0",
    "sampleCount" : 5000,
    "errorCount" : 0,
    "errorPct" : 0.0,
    "meanResTime" : 8722.925799999985,
    "medianResTime" : 236.0,
    "minResTime" : 145.0,
    "maxResTime" : 63358.0,
    "pct1ResTime" : 24537.800000000003,
    "pct2ResTime" : 36445.399999999994,
    "pct3ResTime" : 45506.97,
    "throughput" : 53.58941930505242,
    "receivedKBytesPerSec" : 30.876716201153243,
    "sentKBytesPerSec" : 6.751010830421641
  },
  "HTTP Request" : {
    "transaction" : "HTTP Request",
    "sampleCount" : 5000,
    "errorCount" : 3,
    "errorPct" : 0.06,
    "meanResTime" : 13281.439999999999,
    "medianResTime" : 1728.5,
    "minResTime" : 530.0,
    "maxResTime" : 64781.0,
    "pct1ResTime" : 39123.700000000004,
    "pct2ResTime" : 44844.25,
    "pct3ResTime" : 59784.979999999996,
    "throughput" : 53.288428950537686,
    "receivedKBytesPerSec" : 171.88575135685664,
    "sentKBytesPerSec" : 13.422158344568311
  }
}